"bank","addr","pqc_read_data","ml_init_data","match"
"0","0","1","1","True"
"0","1","33","33","True"
"0","2","17","17","True"
"0","3","49","49","True"
"0","4","9","9","True"
"0","5","41","41","True"
"0","6","25","25","True"
"0","7","57","57","True"
"0","8","5","5","True"
"0","9","37","37","True"
"0","10","21","21","True"
"0","11","53","53","True"
"0","12","13","13","True"
"0","13","45","45","True"
"0","14","29","29","True"
"0","15","61","61","True"
"0","16","3","3","True"
"0","17","35","35","True"
"0","18","19","19","True"
"0","19","51","51","True"
"0","20","11","11","True"
"0","21","43","43","True"
"0","22","27","27","True"
"0","23","59","59","True"
"0","24","7","7","True"
"0","25","39","39","True"
"0","26","23","23","True"
"0","27","55","55","True"
"0","28","15","15","True"
"0","29","47","47","True"
"0","30","31","31","True"
"0","31","63","63","True"
"0","32","2","2","True"
"0","33","34","34","True"
"0","34","18","18","True"
"0","35","50","50","True"
"0","36","10","10","True"
"0","37","42","42","True"
"0","38","26","26","True"
"0","39","58","58","True"
"0","40","6","6","True"
"0","41","38","38","True"
"0","42","22","22","True"
"0","43","54","54","True"
"0","44","14","14","True"
"0","45","46","46","True"
"0","46","30","30","True"
"0","47","62","62","True"
"0","48","4","4","True"
"0","49","36","36","True"
"0","50","20","20","True"
"0","51","52","52","True"
"0","52","12","12","True"
"0","53","44","44","True"
"0","54","28","28","True"
"0","55","60","60","True"
"0","56","8","8","True"
"0","57","40","40","True"
"0","58","24","24","True"
"0","59","56","56","True"
"0","60","16","16","True"
"0","61","48","48","True"
"0","62","32","32","True"
"0","63","64","64","True"
"1","0","129","129","True"
"1","1","161","161","True"
"1","2","145","145","True"
"1","3","177","177","True"
"1","4","137","137","True"
"1","5","169","169","True"
"1","6","153","153","True"
"1","7","185","185","True"
"1","8","133","133","True"
"1","9","165","165","True"
"1","10","149","149","True"
"1","11","181","181","True"
"1","12","141","141","True"
"1","13","173","173","True"
"1","14","157","157","True"
"1","15","189","189","True"
"1","16","131","131","True"
"1","17","163","163","True"
"1","18","147","147","True"
"1","19","179","179","True"
"1","20","139","139","True"
"1","21","171","171","True"
"1","22","155","155","True"
"1","23","187","187","True"
"1","24","135","135","True"
"1","25","167","167","True"
"1","26","151","151","True"
"1","27","183","183","True"
"1","28","143","143","True"
"1","29","175","175","True"
"1","30","159","159","True"
"1","31","191","191","True"
"1","32","130","130","True"
"1","33","162","162","True"
"1","34","146","146","True"
"1","35","178","178","True"
"1","36","138","138","True"
"1","37","170","170","True"
"1","38","154","154","True"
"1","39","186","186","True"
"1","40","134","134","True"
"1","41","166","166","True"
"1","42","150","150","True"
"1","43","182","182","True"
"1","44","142","142","True"
"1","45","174","174","True"
"1","46","158","158","True"
"1","47","190","190","True"
"1","48","132","132","True"
"1","49","164","164","True"
"1","50","148","148","True"
"1","51","180","180","True"
"1","52","140","140","True"
"1","53","172","172","True"
"1","54","156","156","True"
"1","55","188","188","True"
"1","56","136","136","True"
"1","57","168","168","True"
"1","58","152","152","True"
"1","59","184","184","True"
"1","60","144","144","True"
"1","61","176","176","True"
"1","62","160","160","True"
"1","63","192","192","True"
"2","0","65","65","True"
"2","1","97","97","True"
"2","2","81","81","True"
"2","3","113","113","True"
"2","4","73","73","True"
"2","5","105","105","True"
"2","6","89","89","True"
"2","7","121","121","True"
"2","8","69","69","True"
"2","9","101","101","True"
"2","10","85","85","True"
"2","11","117","117","True"
"2","12","77","77","True"
"2","13","109","109","True"
"2","14","93","93","True"
"2","15","125","125","True"
"2","16","67","67","True"
"2","17","99","99","True"
"2","18","83","83","True"
"2","19","115","115","True"
"2","20","75","75","True"
"2","21","107","107","True"
"2","22","91","91","True"
"2","23","123","123","True"
"2","24","71","71","True"
"2","25","103","103","True"
"2","26","87","87","True"
"2","27","119","119","True"
"2","28","79","79","True"
"2","29","111","111","True"
"2","30","95","95","True"
"2","31","127","127","True"
"2","32","66","66","True"
"2","33","98","98","True"
"2","34","82","82","True"
"2","35","114","114","True"
"2","36","74","74","True"
"2","37","106","106","True"
"2","38","90","90","True"
"2","39","122","122","True"
"2","40","70","70","True"
"2","41","102","102","True"
"2","42","86","86","True"
"2","43","118","118","True"
"2","44","78","78","True"
"2","45","110","110","True"
"2","46","94","94","True"
"2","47","126","126","True"
"2","48","68","68","True"
"2","49","100","100","True"
"2","50","84","84","True"
"2","51","116","116","True"
"2","52","76","76","True"
"2","53","108","108","True"
"2","54","92","92","True"
"2","55","124","124","True"
"2","56","72","72","True"
"2","57","104","104","True"
"2","58","88","88","True"
"2","59","120","120","True"
"2","60","80","80","True"
"2","61","112","112","True"
"2","62","96","96","True"
"2","63","128","128","True"
"3","0","193","193","True"
"3","1","225","225","True"
"3","2","209","209","True"
"3","3","241","241","True"
"3","4","201","201","True"
"3","5","233","233","True"
"3","6","217","217","True"
"3","7","249","249","True"
"3","8","197","197","True"
"3","9","229","229","True"
"3","10","213","213","True"
"3","11","245","245","True"
"3","12","205","205","True"
"3","13","237","237","True"
"3","14","221","221","True"
"3","15","253","253","True"
"3","16","195","195","True"
"3","17","227","227","True"
"3","18","211","211","True"
"3","19","243","243","True"
"3","20","203","203","True"
"3","21","235","235","True"
"3","22","219","219","True"
"3","23","251","251","True"
"3","24","199","199","True"
"3","25","231","231","True"
"3","26","215","215","True"
"3","27","247","247","True"
"3","28","207","207","True"
"3","29","239","239","True"
"3","30","223","223","True"
"3","31","255","255","True"
"3","32","194","194","True"
"3","33","226","226","True"
"3","34","210","210","True"
"3","35","242","242","True"
"3","36","202","202","True"
"3","37","234","234","True"
"3","38","218","218","True"
"3","39","250","250","True"
"3","40","198","198","True"
"3","41","230","230","True"
"3","42","214","214","True"
"3","43","246","246","True"
"3","44","206","206","True"
"3","45","238","238","True"
"3","46","222","222","True"
"3","47","254","254","True"
"3","48","196","196","True"
"3","49","228","228","True"
"3","50","212","212","True"
"3","51","244","244","True"
"3","52","204","204","True"
"3","53","236","236","True"
"3","54","220","220","True"
"3","55","252","252","True"
"3","56","200","200","True"
"3","57","232","232","True"
"3","58","216","216","True"
"3","59","248","248","True"
"3","60","208","208","True"
"3","61","240","240","True"
"3","62","224","224","True"
"3","63","256","256","True"
