"data","pqc_bank","pqc_port","pqc_addr","ml_bank","ml_addr","full_match"
"1","0","A","0","0","0","True"
"2","0","B","32","0","32","True"
"3","0","A","16","0","16","True"
"4","0","B","48","0","48","True"
"5","0","A","8","0","8","True"
"6","0","B","40","0","40","True"
"7","0","A","24","0","24","True"
"8","0","B","56","0","56","True"
"9","0","A","4","0","4","True"
"10","0","B","36","0","36","True"
"11","0","A","20","0","20","True"
"12","0","B","52","0","52","True"
"13","0","A","12","0","12","True"
"14","0","B","44","0","44","True"
"15","0","A","28","0","28","True"
"16","0","B","60","0","60","True"
"17","0","A","2","0","2","True"
"18","0","B","34","0","34","True"
"19","0","A","18","0","18","True"
"20","0","B","50","0","50","True"
"21","0","A","10","0","10","True"
"22","0","B","42","0","42","True"
"23","0","A","26","0","26","True"
"24","0","B","58","0","58","True"
"25","0","A","6","0","6","True"
"26","0","B","38","0","38","True"
"27","0","A","22","0","22","True"
"28","0","B","54","0","54","True"
"29","0","A","14","0","14","True"
"30","0","B","46","0","46","True"
"31","0","A","30","0","30","True"
"32","0","B","62","0","62","True"
"33","0","A","1","0","1","True"
"34","0","B","33","0","33","True"
"35","0","A","17","0","17","True"
"36","0","B","49","0","49","True"
"37","0","A","9","0","9","True"
"38","0","B","41","0","41","True"
"39","0","A","25","0","25","True"
"40","0","B","57","0","57","True"
"41","0","A","5","0","5","True"
"42","0","B","37","0","37","True"
"43","0","A","21","0","21","True"
"44","0","B","53","0","53","True"
"45","0","A","13","0","13","True"
"46","0","B","45","0","45","True"
"47","0","A","29","0","29","True"
"48","0","B","61","0","61","True"
"49","0","A","3","0","3","True"
"50","0","B","35","0","35","True"
"51","0","A","19","0","19","True"
"52","0","B","51","0","51","True"
"53","0","A","11","0","11","True"
"54","0","B","43","0","43","True"
"55","0","A","27","0","27","True"
"56","0","B","59","0","59","True"
"57","0","A","7","0","7","True"
"58","0","B","39","0","39","True"
"59","0","A","23","0","23","True"
"60","0","B","55","0","55","True"
"61","0","A","15","0","15","True"
"62","0","B","47","0","47","True"
"63","0","A","31","0","31","True"
"64","0","B","63","0","63","True"
"65","2","A","0","2","0","True"
"66","2","B","32","2","32","True"
"67","2","A","16","2","16","True"
"68","2","B","48","2","48","True"
"69","2","A","8","2","8","True"
"70","2","B","40","2","40","True"
"71","2","A","24","2","24","True"
"72","2","B","56","2","56","True"
"73","2","A","4","2","4","True"
"74","2","B","36","2","36","True"
"75","2","A","20","2","20","True"
"76","2","B","52","2","52","True"
"77","2","A","12","2","12","True"
"78","2","B","44","2","44","True"
"79","2","A","28","2","28","True"
"80","2","B","60","2","60","True"
"81","2","A","2","2","2","True"
"82","2","B","34","2","34","True"
"83","2","A","18","2","18","True"
"84","2","B","50","2","50","True"
"85","2","A","10","2","10","True"
"86","2","B","42","2","42","True"
"87","2","A","26","2","26","True"
"88","2","B","58","2","58","True"
"89","2","A","6","2","6","True"
"90","2","B","38","2","38","True"
"91","2","A","22","2","22","True"
"92","2","B","54","2","54","True"
"93","2","A","14","2","14","True"
"94","2","B","46","2","46","True"
"95","2","A","30","2","30","True"
"96","2","B","62","2","62","True"
"97","2","A","1","2","1","True"
"98","2","B","33","2","33","True"
"99","2","A","17","2","17","True"
"100","2","B","49","2","49","True"
"101","2","A","9","2","9","True"
"102","2","B","41","2","41","True"
"103","2","A","25","2","25","True"
"104","2","B","57","2","57","True"
"105","2","A","5","2","5","True"
"106","2","B","37","2","37","True"
"107","2","A","21","2","21","True"
"108","2","B","53","2","53","True"
"109","2","A","13","2","13","True"
"110","2","B","45","2","45","True"
"111","2","A","29","2","29","True"
"112","2","B","61","2","61","True"
"113","2","A","3","2","3","True"
"114","2","B","35","2","35","True"
"115","2","A","19","2","19","True"
"116","2","B","51","2","51","True"
"117","2","A","11","2","11","True"
"118","2","B","43","2","43","True"
"119","2","A","27","2","27","True"
"120","2","B","59","2","59","True"
"121","2","A","7","2","7","True"
"122","2","B","39","2","39","True"
"123","2","A","23","2","23","True"
"124","2","B","55","2","55","True"
"125","2","A","15","2","15","True"
"126","2","B","47","2","47","True"
"127","2","A","31","2","31","True"
"128","2","B","63","2","63","True"
"129","1","A","0","1","0","True"
"130","1","B","32","1","32","True"
"131","1","A","16","1","16","True"
"132","1","B","48","1","48","True"
"133","1","A","8","1","8","True"
"134","1","B","40","1","40","True"
"135","1","A","24","1","24","True"
"136","1","B","56","1","56","True"
"137","1","A","4","1","4","True"
"138","1","B","36","1","36","True"
"139","1","A","20","1","20","True"
"140","1","B","52","1","52","True"
"141","1","A","12","1","12","True"
"142","1","B","44","1","44","True"
"143","1","A","28","1","28","True"
"144","1","B","60","1","60","True"
"145","1","A","2","1","2","True"
"146","1","B","34","1","34","True"
"147","1","A","18","1","18","True"
"148","1","B","50","1","50","True"
"149","1","A","10","1","10","True"
"150","1","B","42","1","42","True"
"151","1","A","26","1","26","True"
"152","1","B","58","1","58","True"
"153","1","A","6","1","6","True"
"154","1","B","38","1","38","True"
"155","1","A","22","1","22","True"
"156","1","B","54","1","54","True"
"157","1","A","14","1","14","True"
"158","1","B","46","1","46","True"
"159","1","A","30","1","30","True"
"160","1","B","62","1","62","True"
"161","1","A","1","1","1","True"
"162","1","B","33","1","33","True"
"163","1","A","17","1","17","True"
"164","1","B","49","1","49","True"
"165","1","A","9","1","9","True"
"166","1","B","41","1","41","True"
"167","1","A","25","1","25","True"
"168","1","B","57","1","57","True"
"169","1","A","5","1","5","True"
"170","1","B","37","1","37","True"
"171","1","A","21","1","21","True"
"172","1","B","53","1","53","True"
"173","1","A","13","1","13","True"
"174","1","B","45","1","45","True"
"175","1","A","29","1","29","True"
"176","1","B","61","1","61","True"
"177","1","A","3","1","3","True"
"178","1","B","35","1","35","True"
"179","1","A","19","1","19","True"
"180","1","B","51","1","51","True"
"181","1","A","11","1","11","True"
"182","1","B","43","1","43","True"
"183","1","A","27","1","27","True"
"184","1","B","59","1","59","True"
"185","1","A","7","1","7","True"
"186","1","B","39","1","39","True"
"187","1","A","23","1","23","True"
"188","1","B","55","1","55","True"
"189","1","A","15","1","15","True"
"190","1","B","47","1","47","True"
"191","1","A","31","1","31","True"
"192","1","B","63","1","63","True"
"193","3","A","0","3","0","True"
"194","3","B","32","3","32","True"
"195","3","A","16","3","16","True"
"196","3","B","48","3","48","True"
"197","3","A","8","3","8","True"
"198","3","B","40","3","40","True"
"199","3","A","24","3","24","True"
"200","3","B","56","3","56","True"
"201","3","A","4","3","4","True"
"202","3","B","36","3","36","True"
"203","3","A","20","3","20","True"
"204","3","B","52","3","52","True"
"205","3","A","12","3","12","True"
"206","3","B","44","3","44","True"
"207","3","A","28","3","28","True"
"208","3","B","60","3","60","True"
"209","3","A","2","3","2","True"
"210","3","B","34","3","34","True"
"211","3","A","18","3","18","True"
"212","3","B","50","3","50","True"
"213","3","A","10","3","10","True"
"214","3","B","42","3","42","True"
"215","3","A","26","3","26","True"
"216","3","B","58","3","58","True"
"217","3","A","6","3","6","True"
"218","3","B","38","3","38","True"
"219","3","A","22","3","22","True"
"220","3","B","54","3","54","True"
"221","3","A","14","3","14","True"
"222","3","B","46","3","46","True"
"223","3","A","30","3","30","True"
"224","3","B","62","3","62","True"
"225","3","A","1","3","1","True"
"226","3","B","33","3","33","True"
"227","3","A","17","3","17","True"
"228","3","B","49","3","49","True"
"229","3","A","9","3","9","True"
"230","3","B","41","3","41","True"
"231","3","A","25","3","25","True"
"232","3","B","57","3","57","True"
"233","3","A","5","3","5","True"
"234","3","B","37","3","37","True"
"235","3","A","21","3","21","True"
"236","3","B","53","3","53","True"
"237","3","A","13","3","13","True"
"238","3","B","45","3","45","True"
"239","3","A","29","3","29","True"
"240","3","B","61","3","61","True"
"241","3","A","3","3","3","True"
"242","3","B","35","3","35","True"
"243","3","A","19","3","19","True"
"244","3","B","51","3","51","True"
"245","3","A","11","3","11","True"
"246","3","B","43","3","43","True"
"247","3","A","27","3","27","True"
"248","3","B","59","3","59","True"
"249","3","A","7","3","7","True"
"250","3","B","39","3","39","True"
"251","3","A","23","3","23","True"
"252","3","B","55","3","55","True"
"253","3","A","15","3","15","True"
"254","3","B","47","3","47","True"
"255","3","A","31","3","31","True"
"256","3","B","63","3","63","True"
